{
  "exercise": "bicep_curl",
  "top_waits_s": [
    2.7713000774383545,
    2.632822036743164,
    4.908061504364014,
    3.441181182861328,
    3.244518280029297,
    4.38922905921936,
    4.157533884048462,
    4.073963165283203,
    3.7035982608795166,
    1.8649978637695312,
    1.4120495319366455,
    3.6571896076202393,
    3.9035000801086426,
    6.529123783111572
  ],
  "bottom_waits_s": [],
  "top_waits_filtered_s": [
    2.7713000774383545,
    2.632822036743164,
    4.908061504364014,
    3.441181182861328,
    3.244518280029297,
    4.38922905921936,
    4.157533884048462,
    4.073963165283203,
    3.7035982608795166,
    1.8649978637695312,
    1.4120495319366455,
    3.6571896076202393,
    3.9035000801086426,
    6.529123783111572
  ],
  "bottom_waits_filtered_s": [],
  "avg_top_wait_all_s": 3.620647736958095,
  "avg_bottom_wait_all_s": 0.0,
  "avg_top_wait_filtered_s": 3.620647736958095,
  "avg_bottom_wait_filtered_s": 0.0,
  "min_hold_top_ms": 150,
  "min_hold_bottom_ms": 150,
  "saved_at": 1765050693
}