{
  "exercise": "pushup",
  "top_waits_s": [
    0.15637755393981934,
    2.9957363605499268,
    0.1790785789489746,
    0.13629794120788574,
    0.19307827949523926,
    0.9936184883117676,
    5.560051441192627,
    1.1190388202667236,
    1.3387656211853027,
    1.2120137214660645,
    0.05558323860168457,
    1.3186914920806885,
    0.8589608669281006,
    1.0478591918945312,
    1.2777519226074219,
    1.342345952987671,
    1.1523480415344238,
    1.0681736469268799,
    0.8856306076049805,
    3.5309364795684814
  ],
  "bottom_waits_s": [
    0.10659360885620117,
    0.23169660568237305,
    0.11565017700195312,
    0.058034420013427734,
    0.13847899436950684,
    0.08421206474304199,
    0.07685160636901855
  ],
  "top_waits_filtered_s": [
    0.15637755393981934,
    2.9957363605499268,
    0.1790785789489746,
    0.19307827949523926,
    0.9936184883117676,
    5.560051441192627,
    1.1190388202667236,
    1.3387656211853027,
    1.2120137214660645,
    1.3186914920806885,
    0.8589608669281006,
    1.0478591918945312,
    1.2777519226074219,
    1.342345952987671,
    1.1523480415344238,
    1.0681736469268799,
    0.8856306076049805,
    3.5309364795684814
  ],
  "bottom_waits_filtered_s": [
    0.23169660568237305
  ],
  "avg_top_wait_all_s": 1.3211169123649598,
  "avg_bottom_wait_all_s": 0.11593106814793178,
  "avg_top_wait_filtered_s": 1.4572476148605347,
  "avg_bottom_wait_filtered_s": 0.23169660568237305,
  "min_hold_top_ms": 150,
  "min_hold_bottom_ms": 150,
  "saved_at": 1765050492
}