{
  "exercise": "squat",
  "top_waits_s": [
    0.46776437759399414,
    2.5280678272247314,
    2.0066230297088623,
    2.863297939300537,
    2.2551417350769043,
    2.3203794956207275,
    2.1097521781921387,
    2.2096691131591797,
    1.9842686653137207,
    2.0415148735046387,
    2.151315689086914,
    4.071077108383179
  ],
  "bottom_waits_s": [
    1.016765832901001,
    0.7922415733337402,
    0.8959839344024658,
    0.5064489841461182,
    0.4964430332183838,
    0.5429048538208008,
    0.04928731918334961,
    0.3905954360961914,
    0.31865906715393066,
    0.06362581253051758,
    2.956951856613159
  ],
  "top_waits_filtered_s": [
    0.46776437759399414,
    2.5280678272247314,
    2.0066230297088623,
    2.863297939300537,
    2.2551417350769043,
    2.3203794956207275,
    2.1097521781921387,
    2.2096691131591797,
    1.9842686653137207,
    2.0415148735046387,
    2.151315689086914,
    4.071077108383179
  ],
  "bottom_waits_filtered_s": [
    1.016765832901001,
    0.7922415733337402,
    0.8959839344024658,
    0.5064489841461182,
    0.4964430332183838,
    0.5429048538208008,
    0.3905954360961914,
    0.31865906715393066,
    2.956951856613159
  ],
  "avg_top_wait_all_s": 2.250739336013794,
  "avg_bottom_wait_all_s": 0.7299916093999689,
  "avg_top_wait_filtered_s": 2.250739336013794,
  "avg_bottom_wait_filtered_s": 0.8796660635206435,
  "min_hold_top_ms": 200,
  "min_hold_bottom_ms": 200,
  "saved_at": 1765050343
}